Kundenummer;fname;ename;epost;tlf;postnr
1;Mira;Keller;biv-ikacore81@outlook.com;(381) 612-8043;3530
2;Johan;Duke;kosidu-dori30@hotmail.com;(476) 261-4010;3530
3;London;Cunningham;fadalacize96@gmail.com;(557) 643-3285;3530
4;Claire;Melton;leciy-ejuka9@aol.com;(915) 354-2265;3530
5;Kareem;Garrison;mesozogasu99@outlook.com;(699) 794-9084;3530
6;Kyler;Ferrell;leh-osucuko31@mail.com;(226) 690-9939;3530
7;Camryn;Carver;sayeruvuru32@aol.com;(313) 530-7725;3530
8;Edith;Campbell;xikidebebo26@yahoo.com;(992) 450-9590;3530
9;Reed;Glover;vigowe-jepe60@hotmail.com;(385) 467-1000;3530
10;Cailyn;Hobbs;vadot-apuwe65@mail.com;(710) 978-5329;3530
11;Jade;Mosley;bosewituwu7@aol.com;(829) 793-3744;3530
12;Deandre;Daugherty;suru-wonocu12@outlook.com;(317) 411-6246;3530
13;Dallas;Pruitt;ramefexopa73@yahoo.com;(562) 429-9561;3530
14;Makhi;Robertson;yohec-orevo83@aol.com;(589) 486-5145;3530
15;Mark;Walsh;xitimuxele44@yahoo.com;(702) 467-1819;3530
16;Kamden;Black;vofarakohi45@yahoo.com;(249) 358-4096;3530
17;Andrew;Hale;yafog-onuwa16@mail.com;(570) 880-9048;3530
18;Katelynn;Odom;hikoledusu89@outlook.com;(325) 853-7560;3530
19;Francisco;Dalton;meyivoleji61@outlook.com;(925) 890-1177;3530
20;Esther;Davenport;deboy-asuji8@outlook.com;(434) 409-2897;3530
21;Tommy;Beltran;zuhunefiju75@yahoo.com;(265) 928-1112;3530
22;Aedan;Pennington;kaz-agucopu13@gmail.com;(797) 217-7992;3530
23;Daniela;Foley;jogogu-zejo44@outlook.com;(758) 839-7545;3530
24;Kolten;Kerr;vayagiyifu24@hotmail.com;(654) 254-3582;3530
25;Junior;Cunningham;tigotejane1@yahoo.com;(278) 985-3086;3530
26;Daniella;Coleman;tamohuluhi94@hotmail.com;(224) 928-5633;3530
27;Shelby;Boyd;megirelija76@yahoo.com;(413) 283-9869;3530
28;Patience;Choi;nosekisavu99@yahoo.com;(473) 740-8100;3530
29;Weston;Wolfe;yuna-bopugi67@outlook.com;(342) 730-2001;3530
30;Natalia;Tate;piveyet-abi9@gmail.com;(409) 268-1000;3530
31;Monserrat;Weiss;pacodeducu8@outlook.com;(521) 641-6444;3530
32;Lennon;Macdonald;mirilevipo28@mail.com;(637) 984-7163;3530
33;Alina;Mueller;xuluvatina17@yahoo.com;(600) 397-5340;3530
34;Giancarlo;Matthews;fesevawaro86@hotmail.com;(365) 537-1677;3530
35;Martin;Phelps;xuwuxaj-una59@gmail.com;(501) 763-0339;3530
36;Ronald;Mcintosh;nawadadoxu44@mail.com;(991) 621-5294;3530
37;Lena;Joseph;yasutizima94@aol.com;(721) 218-9792;3530
38;Taylor;Avery;biv-awiluda78@aol.com;(240) 861-6353;3530
39;Jadon;Hoffman;fituwed-uyo2@hotmail.com;(278) 866-6802;3530
40;Ben;Sutton;tuzokurofo76@hotmail.com;(427) 561-4730;3530
41;Jadyn;Fowler;peguy-elasi15@mail.com;(785) 289-6990;3530
42;Alexis;Bartlett;goce-limove32@hotmail.com;(665) 571-4137;3530
43;Cristina;Ponce;pokijebuze19@mail.com;(815) 748-8046;3530
44;Lindsey;Wilkerson;gilezifimi98@yahoo.com;(213) 612-9945;3530
45;Ximena;Marsh;rej-unocaye23@outlook.com;(811) 493-5140;3530
46;Braxton;Hoover;gex-apeyoze24@aol.com;(834) 729-5341;3530
47;Quinn;Ray;fomikaluya76@mail.com;(683) 684-0014;3530
48;Gerald;Cummings;sebefejoke47@outlook.com;(826) 513-1634;3530
49;Halle;Snow;nofo-lobezu65@gmail.com;(378) 544-8670;3530
50;Kristin;Ford;kuhokovopu57@aol.com;(569) 698-2523;3530
51;Londyn;Solomon;cem-ujuhobe50@mail.com;(481) 627-5475;3530
52;Khloe;Hardy;tupezim-ixu51@outlook.com;(430) 680-0196;3530
53;Rowan;Ruiz;zezufejide66@yahoo.com;(282) 710-7268;3530
54;Terrell;Petty;wuliyuc-ajo63@gmail.com;(658) 998-6443;3530
55;Ian;Gilbert;soru-mafoma21@outlook.com;(851) 867-2232;3530
56;Asa;Hunt;kavovorugo29@outlook.com;(701) 751-9580;3530
57;Rodolfo;Russell;lafuwojeve15@hotmail.com;(588) 766-5325;3530
58;Jamal;Berg;rogivaseje69@mail.com;(597) 258-3737;3530
59;Jermaine;Herring;gacipidame24@hotmail.com;(743) 740-5229;3530
60;Rodrigo;Acosta;bafe-hezame69@aol.com;(751) 632-4048;3530
61;Aubrey;Gibbs;tux-isocola54@hotmail.com;(568) 988-0477;3530
62;Donna;Duke;wewemu-nalu88@aol.com;(560) 358-8652;3530
63;Mariah;Ewing;tejobasebu43@hotmail.com;(890) 728-8792;3530
64;Amelie;Burch;wuruh-owace48@mail.com;(571) 966-9627;3530
65;Aaden;Glover;wawo-kefani89@hotmail.com;(447) 441-4440;3530
66;Laney;Horne;vipawebesi60@mail.com;(260) 768-5440;3530
67;Hanna;Shaffer;vop-abuyizi23@yahoo.com;(271) 861-8390;3530
68;Chase;Schmitt;pos-ovuhoxo44@aol.com;(789) 837-2671;3530
69;Maleah;Shannon;zuwehegazi77@aol.com;(932) 793-1271;3530
70;Sage;Stewart;welivig-ogo16@gmail.com;(915) 330-4695;3530
71;Naomi;Bender;nazokaguji49@yahoo.com;(953) 868-4736;3530
72;Georgia;Mclean;zoxicerami84@outlook.com;(249) 869-1694;3530
73;Jaylen;Villa;wovafopinu43@yahoo.com;(531) 775-1577;3530
74;Bryan;Lang;tunu-fubuma88@hotmail.com;(965) 631-6560;3530
75;Clara;Gentry;femeja-maru91@gmail.com;(578) 965-0266;3530
76;Teagan;Blevins;pededajowu73@hotmail.com;(603) 582-6291;3530
77;Tess;Frye;huzapavita43@yahoo.com;(768) 503-8800;3530
78;Emma;Gallagher;yugufoyuni53@outlook.com;(774) 377-9250;3530
79;Paige;Velasquez;zuheve-coti1@mail.com;(687) 931-5990;3530
80;Matthias;Patton;dosura-lafa87@mail.com;(417) 208-3633;3530
81;Terry;Evans;zuli-jizawa40@hotmail.com;(246) 576-1126;3530
82;Genesis;Strong;jeg-uziyaro27@gmail.com;(429) 905-6865;3530
83;Cason;Sandoval;xesiti-rafe48@hotmail.com;(817) 451-5598;3530
84;Angeline;Schultz;kigoxo-tewa16@aol.com;(887) 536-3366;3530
85;Brynlee;Nash;pajezidusi52@yahoo.com;(366) 659-1555;3530
86;Maddison;Dawson;xipo-cituha93@yahoo.com;(349) 861-8587;3530
87;Anastasia;Hendrix;wez-isucagi77@outlook.com;(361) 480-6004;3530
88;Erick;Villarreal;xoci-dikupo43@hotmail.com;(429) 595-3669;3530
89;Ahmed;Shelton;sosok-uriri82@yahoo.com;(967) 841-8468;3530
90;Samara;Kaufman;suxova-lena95@mail.com;(906) 327-7068;3530
91;Daphne;Harvey;futafiyifu95@aol.com;(717) 621-3886;3530
92;Aleena;Underwood;xiruhituzo16@gmail.com;(721) 901-5563;3530
93;Charlize;Elliott;tilevomiku87@mail.com;(923) 618-4866;3530
94;Santos;Rivers;makoz-okazu68@yahoo.com;(722) 925-8674;3530
95;Tanya;Sheppard;sog-apezafi8@aol.com;(850) 526-4930;3530
96;Abril;Holder;yik-ukamema97@aol.com;(826) 554-9783;3530
97;Ashly;Castaneda;puhew-ubolo1@aol.com;(961) 427-7542;3530
98;Justice;Bauer;riyar-emire53@outlook.com;(309) 660-3404;3530
99;Jeffrey;Grant;wehajidegu66@aol.com;(603) 707-7612;3530
100;Marie;Dunlap;doyoli-gika91@aol.com;(533) 520-1880;3530
101;Noah;Davis;burepulape42@gmail.com;(880) 232-1314;3530
102;Avery;Holloway;joz-erojaco15@yahoo.com;(872) 908-2673;3530
103;Noel;Moran;bukesugisu30@mail.com;(718) 592-2459;3530
104;Austin;Michael;yexunaceyi58@outlook.com;(791) 695-2193;3530
105;Bella;Bryan;hitudeliva54@yahoo.com;(969) 451-3823;3530
106;Ciara;Fuentes;vijoyexabo98@aol.com;(936) 372-3485;3530
107;Alessandra;Castro;ciyem-ihoxe89@aol.com;(661) 998-0455;3530
108;Leroy;Hobbs;fezayimewu92@mail.com;(570) 532-3333;3530
109;Layton;Spence;nehe-hijuje84@outlook.com;(328) 982-6419;3530
110;Ashlynn;Hayes;ducor-uzuza68@mail.com;(974) 850-4822;3530
111;Freddy;Middleton;pahumifabu42@outlook.com;(625) 601-7671;3530
112;Virginia;Wallace;vagedogaca55@hotmail.com;(200) 263-2463;3530
113;Lillie;Parsons;wiso-megeni72@mail.com;(903) 362-9445;3530
114;Walter;Lawrence;sohodaroyo64@hotmail.com;(318) 620-0667;3530
115;Solomon;Camacho;pozerudabu16@yahoo.com;(617) 894-5064;3530
116;Alexus;Huynh;boveyolira79@mail.com;(756) 210-2773;3530
117;Wyatt;Haas;buzuvakuno15@hotmail.com;(944) 758-7534;3530
118;Jaydon;Sawyer;holefumeza53@gmail.com;(463) 309-2747;3530
119;Clare;Mcdonald;nozepabali71@outlook.com;(390) 583-6749;3530
120;Bennett;Mullins;sotiwak-ama20@mail.com;(920) 316-0622;3530
121;Brendon;Brewer;pikoyajile81@mail.com;(344) 606-4373;3530
122;Lacey;Pitts;tirojejixe28@mail.com;(489) 367-3142;3530
123;Edward;Frost;situpihuwe58@hotmail.com;(892) 911-4450;3530
124;Waylon;Barnett;limu-homije22@yahoo.com;(727) 661-8241;3530
125;Sandra;Frederick;napikavevo63@gmail.com;(873) 814-6353;3530
126;Abbigail;Greene;zuxen-oxena4@outlook.com;(208) 653-4927;3530
127;Anika;Blake;bozawibiye79@hotmail.com;(619) 311-1198;3530
128;Jaiden;Rodriguez;biru-lirola36@gmail.com;(639) 829-7908;3530
129;Laurel;Khan;gapurilita91@aol.com;(373) 867-0697;3530
130;Emely;Flynn;litahal-oti58@yahoo.com;(774) 979-8871;3530
131;Kaleb;Macias;giwukil-ama16@gmail.com;(773) 222-4205;3530
132;Orion;Griffith;picanah-iwi97@gmail.com;(687) 415-6411;3530
133;Alexander;Pittman;tajicorufi56@gmail.com;(943) 589-7134;3530
134;Jensen;Kent;tar-asimibo54@aol.com;(506) 367-9245;3530
135;Frederick;Graham;juluvelexe15@aol.com;(689) 783-4870;3530
136;Uriel;Reese;mawosutiso75@outlook.com;(493) 353-6422;3530
137;Makaila;Wheeler;cege-wipufe99@hotmail.com;(369) 812-8354;3530
138;Johnny;Cobb;fuhejirexu43@outlook.com;(842) 882-2586;3530
139;Amanda;Stout;jujocuzala70@outlook.com;(625) 242-6731;3530
140;Ernest;Long;bave-rureco8@yahoo.com;(432) 262-4615;3530
141;Payton;Houston;xapalawode76@hotmail.com;(245) 395-5428;3530
142;Bentley;Huff;nudaxavucu46@hotmail.com;(545) 868-1968;3530
143;Evangeline;Woodard;cawoxojupa23@outlook.com;(381) 344-4702;3530
144;Bryant;King;xacumiloma41@hotmail.com;(461) 788-8952;3530
145;Edwin;Stephens;xoguzizalu32@gmail.com;(505) 301-2424;3530
146;Christine;Simon;luzewa-sibo1@gmail.com;(760) 361-4719;3530
147;Braedon;Torres;cir-ureyuca31@yahoo.com;(701) 268-7820;3530
148;Micheal;Dickerson;yuca-finuke98@aol.com;(829) 695-6798;3530
149;Derek;Glass;kunexajulo86@aol.com;(361) 488-6463;3530
150;Caitlyn;Henry;gir-esifara3@hotmail.com;(942) 759-2889;3530
151;Shane;Stokes;gejufafiko21@gmail.com;(468) 490-3963;3530
152;Stephen;Patterson;miveroyaca29@outlook.com;(731) 266-1513;3530
153;Mauricio;Johns;temihutuwa55@hotmail.com;(659) 935-5768;3530
154;Jan;Delacruz;gecawu-nina94@hotmail.com;(933) 470-4928;3530
155;Casey;Whitney;yup-ewayesu2@yahoo.com;(654) 867-7898;3530
156;Kelsie;Barron;xivebe-guxa95@yahoo.com;(202) 957-6505;3530
157;Roy;Douglas;lironedigo92@aol.com;(361) 641-6311;3530
158;Shiloh;Watson;ciwagiciru29@hotmail.com;(564) 451-5243;3530
159;Ainsley;Gray;vigiwicime4@outlook.com;(777) 712-9288;3530
160;Madison;Dean;xicuhusimu58@outlook.com;(728) 482-6637;3530
161;Mariyah;Tapia;yenuwak-umi73@mail.com;(342) 526-9248;3530
162;Charlie;Dixon;simajegaha44@aol.com;(519) 738-2867;3530
163;Taylor;Alexander;mazecidufo86@gmail.com;(484) 537-4246;3530
164;Bria;Wilkinson;juzavadeji30@gmail.com;(330) 242-9451;3530
165;Kierra;Werner;yudami-tutu10@hotmail.com;(524) 941-0611;3530
166;Levi;Chapman;fidupovape97@yahoo.com;(343) 947-8262;3530
167;Felix;Jensen;haxan-aneza7@aol.com;(860) 603-7343;3530
168;Rey;Hendricks;tiyo-duhivu17@hotmail.com;(259) 991-5787;3530
169;Grady;Carlson;hit-uyutifo58@aol.com;(783) 368-6858;3530
170;Braelyn;Lozano;tivafubuze8@outlook.com;(656) 408-0958;3530
171;Paula;Reyes;tegopa-voce51@yahoo.com;(525) 910-0924;3530
172;Mariela;Bird;ginuyedabu76@hotmail.com;(765) 457-6041;3530
173;Kason;Villanueva;tuharuwoje68@gmail.com;(758) 801-1635;3530
174;Gunner;Petersen;banirusewa55@aol.com;(373) 216-3944;3530
175;Zaire;Jennings;mebofigopi53@gmail.com;(712) 310-2434;3530
176;Malaki;Barrett;zacehoyisi69@hotmail.com;(286) 371-0771;3530
177;Jayvon;Sanders;bebacalote25@mail.com;(862) 573-9167;3530
178;Keyon;Garrison;kebov-ewati44@yahoo.com;(248) 709-9524;3530
179;Carly;Collins;lilasifiye41@hotmail.com;(277) 992-0147;3530
180;Cecilia;Castillo;mawezoxahe29@hotmail.com;(316) 850-1322;3530
181;Aubrie;Hammond;mohagapege50@yahoo.com;(233) 838-5486;3530
182;Reese;Wong;layig-ojusi37@gmail.com;(612) 932-2129;3530
183;Sophie;Carter;lazajetanu96@yahoo.com;(824) 210-9078;3530
184;Aidan;Horn;gab-omesoce62@gmail.com;(286) 451-7812;3530
185;Violet;Griffin;zihohitive24@yahoo.com;(459) 739-7413;3530
186;Jayden;Mays;feb-osiseti14@hotmail.com;(421) 281-3587;3530
187;Charlie;Robles;feh-efetopa2@aol.com;(829) 879-0696;3530
188;Kelly;Molina;xajeve-xoge82@hotmail.com;(684) 771-0272;3530
189;Ryker;Salinas;dehulidone99@gmail.com;(967) 896-7506;3530
190;Konner;Flores;kubuvedomo42@hotmail.com;(654) 404-4160;3530
191;Kiara;Jhansen;beyapa-fore60@mail.com;(216) 890-6489;3530
192;Myles;Olavson;yidoxow-imi8@aol.com;(733) 681-0059;3530
193;Kennedy;Gunnar;san-axahoxa26@hotmail.com;(711) 734-8973;3530
194;Helena;Samsung;heruveb-ona56@gmail.com;(672) 996-0320;3530
195;Gillian;Gjerdingen;mola-zigafa52@mail.com;(203) 906-8099;3530
196;Selena;Hansen;xeyafocuyi24@outlook.com;(383) 865-1918;3530
197;Kamryn;Hansen;zereh-idoba66@mail.com;(497) 635-2022;3530
198;Mathias;Hansen;cebotexore49@gmail.com;(239) 744-6918;3530
199;Samir;Hansen;vatali-xumi73@gmail.com;(852) 900-1919;3530
200;Kristopher;Hansen;sodehez-axe97@mail.com;(708) 399-4421;3530